ns1:name5,ns1:coordinates,ns1:value1,ns1:value2,ns1:description
Betsiboka,"-15.908211, 46.349974",https://www.google.com/url?sa=i&source=images&cd=&cad=rja&uact=8&ved=2ahUKEwjgpvLMrZLiAhUDDuwKHa0LDm8QjRx6BAgBEAU&url=https%3A%2F%2Fen.wikipedia.org%2Fwiki%2FBetsiboka_River&psig=AOvVaw3ctch_GDq7z3BTGP53Hx25&ust=1557625577036609,https://eoimages.gsfc.nasa.gov/images/imagerecords/37000/37661/ISS018-E-025705_lrg.jpg,"Betsiboka River is a 525-kilometre (326 mi) long river in central-north Madagascar. It flows northwestward and empties to Bombetoka Bay, forming a large delta. It originates to the east of Antananarivo. The river is surrounded in mangroves.[1] The river is distinctive for its red-coloured water, which is caused by river sediments. The river carries an enormous amount of reddish-orange silt to the sea. Much of this silt is deposited at the mouth of the river or in the bay."
California Bloom,"33.759766, -117.385787",http://www.visitcalifornia.com/sites/default/files/styles/welcome_image/public/VC_WildflowerForecast_Stock_RF_562571195_1280x640.jpg,https://s.newsweek.com/sites/www.newsweek.com/files/styles/embed_tablet/public/2019/04/04/california-super-bloom_0.png,"It's back—and better than ever. According to the Anza-Borrego Desert Natural History Association, the 2019 spring wildflower bloom will have even more blooms and last longer than 2017’s epic display. What makes a bloom “super”? “It happens when all the weather conditions are just right, and that means substantial rainfall in late fall and early winter, cool daytime temperatures, and cold nights,“ says California nature guide author Ann Marie Brown, who adds that such blooms tend to happen once a decade. California has now had two in the past three years."
Cosmoledo,"-9.712836, 47.581017",https://www.alphonsefishingco.com/wp-content/uploads/2016/02/ultimate-fly-fishing-destination-cosmoledo-750x419.jpg,"data:image/jpeg;base64,/9j/4AAQSkZJRgABAQAAAQABAAD/2wCEAAkGBxITEhUSExIWFhUVFRUXFRUVGBUVFRUVFRUWFxUVFRUYHSggGBolHRUVITEhJSkrLi4uFx8zODMsNygtLisBCgoKDg0OFxAQGi0lHx0tLS0tLS0tLSstLS0tLS0tLS0tLS0tLS0tLS0tLS0tLS0tLS0tLSstLS0tLS0tLS0rLf/AABEIAKgBLAMBIgACEQEDEQH/xAAcAAABBQEBAQAAAAAAAAAAAAACAAEDBAUGBwj/xAA7EAACAQIDBQUGBQMDBQAAAAAAAQIDEQQhMQUSQVFhE3GBkaEGFCJS0fAyQrHB4ZKi8QcVUxZygrLS/8QAGgEAAwEBAQEAAAAAAAAAAAAAAAECAwQFBv/EACgRAAICAQMEAgIDAQEAAAAAAAABAhEDEhMxBCFBUQVCFJEyUmGBIv/aAAwDAQACEQMRAD8A9JpprjcnTBqSstAXPuOnkwXYOdJtZOxXnhna2vUlUpdAnUfEE2gaTMh4CfzAuMk7TTa5rM1qkW9JJeFytVwcnrVt3LM1WT2ZSx1wUJYGLdrtPkDPZMrZNeqNKlgoxs223zv+xPKSQbj8CWJeTnngasXlHxumKpibL4kbzxCBliF3lbjfKJ2kuGcXXxufwkHvsjsa1OjL8VOL8FfzRPRwlG6ajG60yV13Gu/FL+Jj+NJv+RyNGrUjNb8Wk7Xumsno0dK9nJrIv1Yp5WTXUkhBRWWnmYzzXVKjox4NNpuylh8BbV+F7otKmkN26GlURk23yapRXAbihtxJkHa52C94CmFoncgXJkcapJvriKh2JTRFJ5jyrRIZYiKGkxNokqK4M5uwMMQnwJu1iPug7Mr9qVt930NFbozURqS9Ccf9KTl1KlSr3mq4wIalOHMpSRLizl8ZQcm2lkZboNS+K9u5nX4jDcmZ2Jwr4wT7zrhl8HLPEcri6sdFkunErPd15dTW2lhr2UYNLnwM6vgkuJ1RkqOdppg0NoOOhJV2zNqyyKE6T5egDRelMEy1DGO922auH25NZXMBFilNcNeYpQT8Am1wdXT2q7XZap49tXsznsDUVvjl4Gm9o0o5X8jknjV9kbwyP2dbBynkrq36eJO5pZambGtJcRdszm0GiyI0liLcHcH3y2sX5FKjiXHgn+pJUx18msu8nR/hay9uS08Qn+G/cgFiU9U0U/eFwbRH2/O7GoEvKa8ayfDzAqQTKUMfbgQ1Me+CEsbKeaNdy04pMGTj1Kctoy6Ec8bJ8S9DM3liX4qF9WSduloYzxMub8yN12VtEb6XBpyxaXEUtpq1kzJlUZFZsraRDzy8GlLHA+/dTMlGQEky9uJO7I1ffeoccYYry53D95YbS8Asz8mv791GntDqYc6rIpNjWFA+oZuPaC5jPGrmYDBkitlEb8jee10iOe3ORhMZsrZiG/M2Ht6XAX/UEuSMVgtj2Yehb0/ZtS9oZfL6g/8AUL+T1Ma4w9qHoN6fs3Y+0z40/J/wNU9o7/kfmYTGDZh6Dfn7NKrtpvh6FGtjFLmu5fyR7oLiWoRXBLySfJDNJviROBa3Rt0uxairuDbhacAHEdhqIcwNwncRrAOz0ydNLX9BnTjbU03iafG3jn6BS2nC1nZrS1sjxtcvR6W3H2Y/Zx+YCVJfMalWvQacUoq/TPwZj4qd3ZaLT/JpGTZlOKiE6IPu7Itx8wpQaipb3gX/ANM+3oeVCQzoPn+oHaz5sCVWXMfcX/klp0o6yd+meb7xbtNc34laUpcwZNlU/YtS9Flypcn3X1Do1qSf4fN3M9oZpg4X5EsleDZWKo/IgnjqfJGGmxpXJ2kX+Q/RtvG0/lQ3vlP5UYW6xt1j2l7F+RL0bjq0XqitOFB8GZW6wXFjWOvInmvwWq1OnwUl4FedNcL+RG4sWfNmq7eTFtPwRzj0AafImz5gNMtMiiBoFwJpRAcBpioicUNukriNuDsKImhWJHAW4FjojsDYmUBbg7CiFoGxY7MXZhqCivYTiT9mEqYagorqADplt0xuzFqCinuC3C32YnSHqCjpViOq8xpV+q8zEW993CSl93+pzaEPfNd4hc15ob3hc15mTaX239QHF/bYaUG8bHbId1+8wKifF+KTf6AWbV1fxVv3HoQb3azpI17cQXNHO7shbjDbQvyDec+oMqq5/oYEqbBlTHoQn1CN7tlz9UBKsufqjB3GOqb+0PSLfibsa66eaHlXj08zCVJ8h3SfINKGsyNt4iPTzG7eNuHmYnZvkEqb5CpFbiNaNdLk+8F1u7zRlxjH5l5MnpYLe/N/b/Idgc6LTqDSqO2nj9ojls1LWf8Ab/Iz2dH5vQNSE5oKVV8vvyI5VX9/4H/25fMM9nr5n6D1IndiA675eoLxPT1FLAvhLzdiN4SX239B6kNZY+yRYnXLuzA94fIilh5fL6/wR9hL5fvyKtFKcfZZdd8hliHyKnYS5L0E6HO3gs/RBaHqRceIfIdYnoUFh+thPCr5/J/yO0JziuTQ956BRxC5MzHg3879fqL3KX/JL+76h2Dch7NT3hDxxEepk+5S/wCR+b+o6wc/+R+bF2Hrh7NWWIjwuM66M1YSfz+v8BrDT+d/1fwHYNyHsvSrob3hFNYWXzPzX/yL3WXzPzX0FaDch7NtUuocaf3cjUglJkNnlqSD7P7uC4Lp5jqTEybKbRFKC6EbX3/kmaBsNSM2Rx7v0+pIrCSC3QcikRtAuKJWht3vDUJqyBpcxrom7Nf5C8A1hpRDDdvndLomy3So05fhd/K/jmv0I97mh4y4p27iJNvg2xuMeUXIbPjLSM34W/8AYtUPZpzdlTeiecoxyfHJ3+hn09oVI6PzRfoe0VSKtKMWuv0ZhN5Pqzvwy6b7IvU/YhcVDwlOT7s7HJ7QWIoPd92hB71oybbi9NG2rrNXayVzsMP7Y2aUoSXjdepsLauHrK04p6/iSbV9Wr5rvRx5ZdR7PTxw6WXB5Pi9r4mNt6MFdu27eV0tUmpNFSW2ql8nFcfij6XaeZ7Xg8Bh7NQ0atZtySV28oyulq+BzON/07jUqVJqruxbbhGKeWS/E/PRHO8mX+zOn8bF/VHmz25W5x/pXrkMtr1FSdNWV1lJXvG7v995r4v2KxMZ7sY58FOUbvXN7t4rR6vgzLxmwMRCCnufDb8We7PrDp3ZGbyZv7MPxsa4iv0GvaCtxUX/AOL9Mw37Rz+SP93iZMqOVmmnx458eC4jppLJRffZXduT4guozL7EPpML5ijYXtBfWllx+OzXdlmWIbTpP7z6ZPxOfnKWXwq3LW3c0iKpNvVO3LP6lrrsy8mT+PwP6nULF0m7KeueaaD+F57ytzd1prr3nK77StzJYY2Ucuml21z0fd6G8fkcnlIzfxWJ8No6X3ZPSUX3brAlgpcLGD/uV7XV7aa38yentWKWe9fpKWXnl4WNo/JLyjCfxMvpP9mk8NJcPVjOEuRQ/wB0fCT6K2f9rRoUMVGbit6UE73c8lG3S7b5acjaHyWGRzS+N6hPtTAu+XoEpkEdpxvaW9Hvs8nxyRao14zyhJyfRLLo+pquuwv7GT6LqV9Rt5DpoVb4dZpZtWaV8tclmMo3TaSaWrSyT6vgWuoxPiS/Zm+mzr6sOyGsubI4u/5fUT/7X6milF8MzljzLmLNhRCSBXgEvAycjNQCsIZSFvL7RNl6QWDYJyQMmGonSLIW8gd19PUkUQ1MNKEn0HSCsILENYVhxBYUNujbodxBYqIpR+9Rbt9SQQWHcrzpkuHxEoq2q4J8O58AhOCE0maQzSiamA2zZ5trvz8pG/htv2/F5vT+o4eVNh0cU4dxjPAmd2H5CUT0qltKnO1/P6NcCevSp1YOEkpReq1uee4bGR1T3X0dvTRmrQ2lJcb+j+j9Dllha4PTxdfGXJu+0OwoYmnufDH4otytfJcMmcpQ/wBPE6knO6p/lzvJ2drO2ita3LqdJhttc/X6mnR2hF8bGEod+6O2OSMuGedbV/09k5t0bQpuzvOX4Uks2/PRGRX9i6ilGPbUN+WUfimr3V7u0LJP5tGexzUZqztJPg7NeT1MvZ3s3RpVnXvUnUd/iqS3rXteySXIzeNX2LPHNp7Cq0J9lW+GVr5PeUo3dnHhm1x5aFF7PkruysuNna2l2+B9B1cJGUt565W0y+9cyOrQ3VaOV1nKzlJ2srOT5rLMHjGfPnub+SS8G78fEr5c7Z8cj03afsJNym6bi/lW9npezjbLXhwWnOvS9m8VRajH80HduDqpcGpXTXHnz0M9D9Aedp8pZ+DAm5Xd7pvi+l7dx2mN3qU3TnhcHU3XnKNKm+HJZp8bamDtaTcoyjTp075tRjOOvBRcmlboLTp72KjOVWVtb948Hzku56f5DdO71Vu6/wCmhG6TXHPld282S6fI6GdZ6NZcg3Vcko3fG13ku6+grc7aaEdSaj+Vtc/2E16AmpOpG6jVlFPJpPXNZZ5cOXIOcJf8ktOG7b0RBGa5X9AnUS4PzJ1SRLR2d0tF6D7/AEF98h90+k7nyFjOp95iT6DxsGmINQCQnBEjEgJbAhBciRDXFcLEGIZCCxCGHEFgJCGEKwHEMJBYBDNDXFcLChhmghmGoVEEqfgOqk46NhSGC7BNrgmpbSa1NLC7U6mO4X4AOm1p5ESimbQ6icXydhh9qPmaWH21wfr9Tz5YmUS7htqcznliR6OL5GS5PRaO0Yss06yejRwVDaC4Oxfo7RfO/Va+Rk8bR6OPrYS5OshQSm5c1nrdvzt6Ek43Vv5Oew21nz8zRo7TT1XkRwdUckZcMxPaL2bwEKcqtSluJazpNxtrole2bsrLV20PL6sXWqSjRVSsrvcU251HBatpeGnqe7RrQmrZNPg/oR09n0U240oRb1cYqLdtM42ZnKCZrZ4bT9n8VJpKhUedvw2V9NW153sUa+H3akqTTU4tqUW091q+Tf8AJ9A4ynU3Z9lJKo0t1zu4JrjbuPLcb7D7Q7Rylu1U5b14TespJycoys7vi1fS5EsdcAYGK9ncTTorESguydviva13a0ov4lnyRmtRb+FLo75fsep+z2xcXCrKhWUp4Vq7jPdnFt52WeVnZ5eRc2r7BYOcXuwdN5tuDfBPLdldfoG23wCZ4xPBzbyqrXRJ58uOozhVjldvwv6nS/7fh5S3IynCydp1XTe93uGSeSyd3ryJ6fsRjZRUoqMoyV04yumu+JC78D0oubwt4C4290Pds+KJUx97oQSnyYKm+fkLUFFh1EOplWNR30JLisGiZMJMhUxb47FRYTHTK/aBRkLUBPcYBSHbCxBDCGQrATEIQrAZjiGCwHEMhwsBC3RDhYDWFYcQWFCaIamHT6Eu8JsLJoqOlKOjv+odPGyXEnuDOCeqJcUWptE9PaaLlHaD/K011eZhTwvJkT34kuJvDqZLhnaUdo6fv9TQobWa/N55o4CltFrU0sPtTqZPGmd2Lr5Lk7+htVPXPqi7SxUXozhKGMi+NnzTNGhipc0+/Jmbg0eji6yMjsVIJM5rD7Ts7O8e/TzNKjtDmR3R1KcZEWJ9l8JOW86Wbd8m0uvw3sXqWzaUVaMElwWeXdnoFTxUXxsTKYoxiuEWeLOT5+TBVZaX/cqzqK33+xFRm76HoN0z5JRLs6nJDwk7afUj7O+f35EtONtbvvFYrQdNPkSKIVOaDHZDZHuA5kzXUZQE2Kys5vgmPRb4+RZjBD7pOlsLI4roydMYIpdhCTCuCJBYgmCISCwHEJCuKwHExt5DphYCQ9xkOFgKwwzlYe4WAzEIQWAwwVhrAALGaCGYWFENSinwK8sM1+Fl0awnTBNopU8TKLzNHD7TZFOmnqiCeF5OxGlmkctHQUNpJqzzLtDEJZxdun5X9Djm5RLFHGtGb/07MfUtHbYfaSffy6l2ON6nEU9oJ5P1LccRF8X/AFP6kuKZ2w61pdzj1Uvo8uhNCnIipK2SRZR1pWeBPLXBNEl3U9Sq2+BLGZVGe4TKkloiaEiuqgW+TVFqdlm4rleFRsOwrLsOTFcDcGhAVjJUECDOYXQg7i30Rxm2Ka5C1ATIFzBYtwVgEp3CiyCpU3eADqvUWtDLEgkyn2ztkBTqyvoTuIKNByGcyHfy0D3bl2IKFS/AdxYOhJv5AgAUwt5EFSY8Kj5hYFgZoGMhTqJDsBmCSA2AAR7D2FugA1hD2EFgM0QVMKnoWB0FJ8i7oy50px6oeNbvNJoglh48kZvF6ZSzNGIr8L+ZPB82IRpHsYS72ScQnKwhGqZk0EpBxmIQ/JPAcJBqohhEy7Fxk2SqQSEIk2THBHESy0xmx6QhEeRkiQmhCKAgqrNMU93z+9BCMm6sAFGzGnJcxCE+wwnLLUXvGWQwgcmAMqrfP9glK+ohAmxiV7a+YzuhCKENGo1qx44joIQraHRPCqmg1MQi0+wmHFjsQixDDNCEACsPYQgAVhrCEMln/9k=","Cosmoledo Atoll is an atoll of the Aldabra Group and belongs to the Outer Islands of the Seychelles, and is located 1,029 km (639 mi) southwest of the capital, Victoria, on Mahé Island."
Etna Volcano,"37.751597, 14.992288",https://images.volcanodiscovery.com/uploads/pics/etna_MG_8839.jpg,https://images.volcanodiscovery.com/uploads/pics/etna_k19953.jpg,"Mount Etna, or Etna, is an active stratovolcano on the east coast of Sicily, Italy, in the Metropolitan City of Catania, between the cities of Messina and Catania. It lies above the convergent plate margin between the African Plate and the Eurasian Plate. It is the highest active volcano in Europe outside the Caucasus.[3] It is currently 3,326 m (10,912 ft) high, though this varies with summit eruptions. It is the highest peak in Italy south of the Alps. Etna covers an area of 1,190 km2 (459 sq mi) with a basal circumference of 140 km (87 miles). This makes it by far the largest of the three active volcanoes in Italy, being about two and a half times the height of the next largest, Mount Vesuvius. Only Mount Teide on Tenerife in the Canary Islands surpasses it in the whole of the European–North-African region west of the Black Sea.[4] In Greek Mythology, the deadly monster Typhon was trapped under this mountain by Zeus, the god of the sky and thunder and king of gods, and the forges of Hephaestus were said to also be located underneath it.[5]"
Kilauea Vulcano,"19.407139, -155.283584","https://www.gannett-cdn.com/presto/2019/03/14/USAT/202d1217-b3d4-4dee-bc6b-9af009773203-AFP_AFP_1665JS.JPG?crop=2447,1376,x0,y897&width=3200&height=1680&fit=bounds",https://img.purch.com/w/660/aHR0cDovL3d3dy5saXZlc2NpZW5jZS5jb20vaW1hZ2VzL2kvMDAwLzAzNy8zODEvb3JpZ2luYWwvcHV1LW9vLmpwZw==,"Kīlauea is an active shield volcano in the Hawaiian Islands, and the most active of the five volcanoes that together form the island of Hawaiʻi. Located along the southern shore of the island, the volcano is between 210,000 and 280,000 years old and emerged above sea level about 100,000 years ago."
,,,,
Aix-en-Provence,"5.44541,43.526296,0",https://lh6.googleusercontent.com/F_C9WLBVtamzI64T5UP8uIhOqM55cvEQ82AFl5DRejMzvcYYhlJpV_xANI0Z61lylRKK0QjkvB9WL1bRfVJnwMPloBLqlEFFGmbPxvl1v6zVfFkej6xDQiRWZIj6JiTv,,"It is the second youngest product of the Hawaiian hotspot and the current eruptive center of the Hawaiian–Emperor seamount chain. Because it lacks topographic prominence and its activities historically coincided with those of Mauna Loa, Kīlauea was once thought to be a satellite of its much larger neighbor. Structurally, Kīlauea has a large, fairly recently formed caldera at its summit and two active rift zones, one extending 125 km (78 mi) east and the other 35 km (22 mi) west, as an active fault of unknown depth moving vertically an average of 2 to 20 mm (0.1 to 0.8 in) per year."
Alicante Spain,"-0.4796219,38.3445845,0",https://lh5.googleusercontent.com/proxy/Dm_ZxeoN-DgwksnR1qyS611GseDkwCOe981kfI6KQycIZ-wegQI1nyN0MBf_UxUJwZcoqtOdu2AsH6fvo9E,,
Amalfi Italy,"14.602901,40.634375,0",https://lh5.googleusercontent.com/rAeM-kMCncroBctn8cKMLd8SAm3RbeXzg2tjeyUKnxxjipzmTycGIAOHbKNrIzirB6CYtFrSwk0nFumTYyQYKi27kI4JMWwzD79hGDxeKwYh0Vu-uictbWsaZo-Em0WG,,"Kīlauea erupted nearly continuously from 1983 to 2018, causing considerable property damage, including the destruction of the towns of Kalapana in 1990, and Vacationland Hawaii and Kapoho in 2018. During the 2018 lower Puna eruption, which began on May 3, two dozen lava vents erupted downrift from the summit in Puna. The eruption was accompanied by a strong earthquake on May 4 of Mw 6.9, and nearly 2,000 residents were evacuated from the rural Leilani Estates subdivision and nearby areas."
Amsterdam Holland,"4.897263,52.373215,0",https://lh4.googleusercontent.com/ZkoLeO_zNZvqk3Y8UQJL2tNF-aee6upUrkxU5dsN_d8nBmFZjRPTpqKzslY_YfQ6ea7SejwowrI945hZhMh9C2wp6hzs5oJm0z-Jgf-rQ6r9sE77HQCpLwyx6LQ6gnk,,
Antibes France,"7.127037,43.579645,0",https://lh5.googleusercontent.com/xsbg-eySXBaszmoHyXk42s5cyZNgnhnx7A1A_0PYamv3cjwRw4ayAJQcq0zqPlI7g250u8bdV71MC-uiwZvm8XCC-Li4bmSasdaAyniWAo5YN1QlSE7lDL-zFQOhNinFAg,,
Antigua,"-61.8460858,17.1207666,0",https://lh6.googleusercontent.com/proxy/lbDH8nycdWEdil0FQqZHLqCm4uruzp8oDPtBZnYCad2tIRJEx5zwewqINJZ5zyjKzeVPisnpQbsoRIvwm1a8,,
Antwerp Belgium,"4.400207,51.220463,0",https://lh6.googleusercontent.com/Hzs_66sh5oPk5-m_zLGC76L32qKJPlpACYpe-E0w7wwljgmH5vAneoGiWPXysp1bXheDDT7NI4d-5u7Ed30oHCnMrvanUC1Ah92Oa_Lwo_uqbTYl6KLwQCfMupy2ztZvnA,,
Arizona Travel Guide,"-112.104492,36.173357,0",https://lh4.googleusercontent.com/qebCG7_h11_PySWUmMVxD18kFZ9oQHdqwCUTrKwwEYnONeu1aqcwyizfRzNu9XRZGoucen9qqx6-b5GjNLBg2orO_qB9lShWyGB2HUsq62HdP72desw3WUXMqJ6bkndg,,
Arles France,"4.630823,43.677711,0",https://lh4.googleusercontent.com/95X1hjxdtxnmJoVY8ihE6nxc32NLTN722PtnKRZfl2Qi29PlcyviHT24kYvKE7V2mYisiz9N74tWOwB_Wys0aLeopIxQpNVKIMbohFrnS49GNTPAyh6ktG82IC0bq30OHw,,
Aruba,"-70.0384265,12.5193323,0",https://lh4.googleusercontent.com/proxy/N4wyKedqhvj1v-9AnBQcud9W610YHa_1EoThQNxgwXAs09TNYzUZ9XMJHo0TpwDqrVN6r-vC5lssEo8,,
Assisi Italy,"12.614823,43.071137,0",https://lh4.googleusercontent.com/Xe_4gxH3hqCamUbE6pyGN2u36Pyh9FA3CBm7yWrQ4IJfZumwEsz8xTdsFV0BJFxMaE9U0VpcHn1Lgu5AmToivIzT3BFSQN0GTJ_-e4oifCiuvbgsrnZ4vc_ZctEz3z-l,,
Athens Greece,"23.727293,37.970997,0",https://lh3.googleusercontent.com/tagNr-Yy_CYorqlpOqtqWvhdK2BXu0zmToq66K_QiU0wJol_Fe8vYlD6uweWVPqndKkH0fNxhsdtXqD9Q6qGoVpecFBciDCTrKobCitP3FRDl9dIxATxh86s1vdkyrSO,,
Avignon France,"4.805735,43.952232,0",https://lh5.googleusercontent.com/FlhdIBJkM7Ujj5BcFEHdSlVJcUruyT1wta01Xyr_NZ29KmaICkTFPBjijS017estYbMQVpi70zVVYcSqRFRI6atOyjoCoGFk8vZT6ASuSr8bRgv9nj2lsi0MRZxLzQys,,
Barcelona Spain,"2.177374,41.376128,0",https://lh4.googleusercontent.com/Dy3iaDkjBSjkzwEpX95sGlLRtno4YhNw6Q8OGOW1kozAAIBlryzX6KPsgkNck6nv8TytfdyINBMQMrSvBu4-_YY_34DhuZbrgymgbNLdPzCBsoEGBQ1hB7reKVLLbx4O,,
Beijing China,"116.397657,39.905391,0",https://lh6.googleusercontent.com/LgCJWSvNw1nepoc1nKc_Lxb-ZgWMHobUhTzkwQgfSDN5nAvxMDAQbMVhsjTQaVlMyejPXHWRQNn5Fzyzd772JtPQCagjQu9M8RSYuKstrv22MxNtZot_5uRmGmV0LTvacQ,,
Berlin Germany,"13.41332,52.521816,0",https://lh6.googleusercontent.com/UWVMKorpnPOl-UWt-eIlkio8asN6R9q1Qjm37wJn6IqJUyVzNvGckV1c7HrK90pKT1elMscaU--7ela7N3HtYm7M4Z_e0bpVNH3QQobIXQEB-ZyY37K9KhMfMUHbVLAl,,
Bologna Italy,"11.346506,44.494186,0",https://lh3.googleusercontent.com/2eG4hPJUz_ARoiME-x3G3ZMD9Mjkn0bgVstqsqGKbZ2ctDE_9kirVAFgoxf3pXSHuaoYDzkiPEOU-9KU-O1gfpNWt6UCcsMlXiXhLs6pHD0zcaHx4fHtzlVlx40AZiE,,
Boston Massachusetts,"-71.054056,42.366039,0",https://lh5.googleusercontent.com/tO4y4ziuf5a7A3hamOzAw4l-o_LxLKENvQj3LCc1lULn_AhDee_PMy_WjCoYQgnJk3RkwteVHsZyXDw3PGyN6u0X4VZ8ZYzpWj2NO8k3x90BiS6JrGZ2n2WE6geJF0o,,
"Bratislava, Slovak Republic","17.10037,48.141721,0",https://lh3.googleusercontent.com/EBScaQLVZb8FHqZFoK-rNs3y8HmLjlcr-bA2wauFS6l1bipSFJsEa_oD-ty-HjRUASl8BR32bt1QWYh7bqSvRn2d1475CFoxPLo_oUyzxZNfWIINh3bktwImVQF1MU_K,,
Bridgetown Barbados,"-59.6133882,13.0958119,0",https://lh5.googleusercontent.com/proxy/jh_cmUgWwseVOzIOGvc2mS9EobVUiddYSDCgZkV6BuMjWxf6lzrGWDe6jKgNsINs7uQqdI81wywhRoW3eqmuhgaru2yzQWg,,
Bruges Belgium,"3.224316,51.208752,0",https://lh4.googleusercontent.com/dQKJcUNhZRBICO7Hh3huI4G6jB0AfrCQzAdUX2w_KIvqDDjCY6g5IS40T9AGroAH_A1lKW8R0I43-8RejM6-a5aPJHwiNJd_p-xM8-XwujmpeWgRjIROGYhSDB0nu6L9WQ,,
Brussels Belgium,"4.357603,50.847065,0",https://lh4.googleusercontent.com/proxy/npJefjaprRw7eo-iJl59iFhyG3yjFVId_URtOgJrKJXCdLBpBCKNFn-ISP-QHwk6mhRJAyFLnZ7klj-Adck7v-N3mPCcpPqFVg,,
Canary Islands,"-17.8510666,28.7258188,0",https://lh5.googleusercontent.com/proxy/AKF7ty-C57U3wCEOcBhLo8Rh_KZBSXSwDwnEu5amnRyZnia_x-nOwjZ8N__D2OOsh1KGUW647xIFsCwQaTuoK8iZpu8,,
Cannes France,"7.041137,43.542937,0",https://lh4.googleusercontent.com/CXnb_8c-tV6modjHWlzD-4xsC9dq2G4dtPrnQ_yu1IT7f2L4G1j9O6ppigoqIf5QwIs7T74dKl67trPnXMnwpSKDdF2m7t6R-mSppUInibJVCK7q0R31yzJ3wItgl34mwg,,
Cassis France,"5.538161,43.213785,0",https://lh5.googleusercontent.com/Fi4hoQkKCquRnIlle47nysmgRajGg-WN1rGZJo_4kIofPwVlp5qGzM6S1vdrvSQe3K6eG3JdWnU9CrpzcZIuTJeaeAPyREfTqBvIIO26Paw74-r2XYIdK0FEtzVTjYfkdA,,
"Capri Island, Italy","14.22884,40.549809,0",https://lh6.googleusercontent.com/Cv6bue31LOb99TZowxx63o5HcVmvNyHicdKuO4llY2sL7Ob1n5dg14DOjDUk_TB0B18CJpZJRqPkaJ0USGrKGET0qVQTCDapqcDB569NuUZ5np9HQoVF0_f6LgKgYE_3,,
Catalonia Spain,"2.535095,42.035014,0",https://lh4.googleusercontent.com/0A3PZrN3ALIIoUxSu6BftMahQcAJyOsidfsDEiWZJx7CkyZvJSwdZPrQPPeHJ8YaSeBAKu3_cLdmFElHG9AepC766WM-uyEnOQ2yEiysSzttZLBY45FYyAGEz6pjREGS,,
Chicago Illinois,"-87.622147,41.875217,0",https://lh4.googleusercontent.com/proxy/ugMYdSUCZ-VjoelShhovrQ238mGRV4XbgmPlwLmo1I5dxYc52-F_hiNauTNIK64mIsAYWpRsBrds3BEe,,
Corfu Greece,"19.9219894,39.6238711,0",https://lh3.googleusercontent.com/proxy/OX39cXtoDcxKEeI7nBcV_TDRHTWHaSnkRTqeXTwW8vU4z18sb_VHcLmIBI8BXmcIViSEcLdLEHoxjn6hM_tH,,
Delft Holland,"4.359823,52.011837,0",https://lh6.googleusercontent.com/551VQ82dCZr_JBoHk23IaBfzQIKlW_dEQqikHXEKTKY56WPNl-ctOlRWhJQahIJSybKsUl2rI4H_HQO_aXUNVR2-5YDncKuql4oovc1mk0X7KLC9sdYa75Zdmqh_H7v6,,
Denver Colorado,"-104.986988,39.739279,0",https://lh6.googleusercontent.com/proxy/b2RAImMJa64_N0UZKTQyCrMEZF3XAuJPaSVXhqLb93t0qZmxDJAsS-9VyB6_tg9qPEBmq1MzvxD5bt_BVPuC,,
Dublin Ireland,"-6.264739,53.345658,0",https://lh4.googleusercontent.com/proxy/I3cUsCJHXwH2ehrZrAhLRJsfQmkMG6-8gFGccCvnlLCic7TOJRTcKa0_01SQfF2-tjridjRf-u8o61Sm4tg,,
Dubrovnik Croatia,"18.1105435,42.6410188,0",https://lh4.googleusercontent.com/h9-hENCcW8-qcQ8mS8YeUBIp2UJ-gjUq_wXw2lzcHTjOCPyF2imY3PBGFLanETTM0yfDI-j6vu9spz0wYxv_173Jyx3cKEVX4gYljSIw9YQJU9WkkAyv4ttiymlhZAKG,,
Edinburgh Scotland,"-3.181057,55.951074,0",https://lh5.googleusercontent.com/wCft5NrjTbJHsz_prswdxEtjNOUN4GqWqKiekp3GTxT79bgMFcSSzHlpERca9WZ_xOz9l9nIwiyPhCP0mlZ03032dMwpy-3Zl-E3nDFC8Q5IGB2kST6Y8RCOYuMdIM0,,
Florence Italy,"11.255547,43.76963,0",https://lh6.googleusercontent.com/iNkV6S28Yk8tnr_PRlVwi-9_CVDe1H08hzEGRP17jvX9IRk2fyTgKMFSoxg9ALe2mcC7qcPV81FALTQw3zGcaTaes2tE9HcvFOgTT-j8rgNvumygZVUUf0HedyocIkXS,,
Florida Coast,"-80.2098083,27.1935714,0",https://lh6.googleusercontent.com/Vm1PQWPxcSkM0FtAvcZvAFYpXhbdT7Z24JEZvCVxlMSSIB5Ip56doyoVxGjUiW_f2k2vWNEDDY5DapJIcNliO3LLfDDY2PoPLz__RYETbYyCWfF-ImBnZJPWCXRBoPFZ,,
Fort Lauderdale Florida,"-80.1448345,26.1199163,0",https://lh5.googleusercontent.com/proxy/Qs59iL6zUqY0tDUMgHkwNfCOI3hqson_zEQKY_eI23nuyR6iPpyjOMHYANRB4x8ZA6bm7R9BGHAX8t_Hhc01yRau3OouEiC6dkv8wQ0,,
Frankfurt Germany,"8.682514,50.109034,0",https://lh3.googleusercontent.com/MwjRv6LrrdXwMQ9P1dKI-uCzo-8itOw_4ydaMTHLlw7F1j7E6eb79wcCwPPlduZmHoLjvRPATqjsIyfly5fBycUh6D1Jnvw9BIZ1q804bUl85MHz4ht2al5OJe7fUKc,,
Geneva Switzerland,"6.152129,46.204176,0",https://lh3.googleusercontent.com/d8MbgrgxBISlP0O60gP5x0fIrNUnNXlCDTPGwB4v7xEKUP_8dWLH5mfOzNaJ9RZViyD4l8rxYCTU37wHxQHcWozmK7Rw6rgY5bTdKyH_02lzUmxpb9vGNGGrccKq4jz0,,
Genoa Italy,"8.918602,44.414057,0",https://lh5.googleusercontent.com/9lJo4EB1qWseY_Ou9XE-_H6-4vMTOkAWq7z9SKwXrJUvoLSniRjDl9Vq1XyEYMLDR4rSN5eDFgINMn6d22W1aKVBlY8PrGFzQ8PsGU-curBmMyA9om-vnqvEwL6PJz0,,
Gent Belgium,"3.725588,51.056934,0",https://lh4.googleusercontent.com/gbc3oNQfs2WnFnCZR8y85aW6kezuJtCFcCT21wnZ_HxrXDdiC-TKAo2OV77nMgFDE3SiSNo64RZ7_lyPIsVx2eH3x_0ouCKHWh_WmntbTDAFEWq1odyJRxWT1XJE-eft,,
"Gran Canaria, Spain","-15.5896,27.926474,0",https://lh5.googleusercontent.com/proxy/phzZL9J6d6bGKqVsgVEvIJiYKGvhN5YOLMfuteX7a5UPXDA6lGWr1Qt3_SmgT7BLCycHnCSY68Z4hNUjbzN9hI0Q,,
Grenoble France,"5.720873,45.192139,0",https://lh6.googleusercontent.com/d_SMJhI05OR4XcNDCyMz9ZBCGm8CW6ubB9fGg7aCiUdCI0LGIICeKPHHZSCat787uAzfbuKdSPRRvUBBbMDz4N0NLE59B9xi1Atr_fJ9R034Epa-crPQrbQwuReIN60,,
Haarlem Holland,"4.635994,52.381559,0",https://lh3.googleusercontent.com/AYWjkJpPaGW41UTcdlxqx6E56IW1d4Vh3mNXVrgpROf8SkJ5TsI947l2ROuzwaXYkHmsXXE99R4LvsK11BAy6xnTtIruMnJOA1sA0j6oYzXoqfokpjVZBcTcKIe7snCT,,
Havana Cuba,"-82.35733,23.145081,0",https://lh6.googleusercontent.com/qoOw5zpdDOCihymd6HD--NNtRxA-kuHgmClNDX0rXBw0X3qNih8LX-XDEg0Gnu4fUUIbN2mIRQd6yJ1_yIu3oIMRFE-qH6ksbMjtAFd32Kzrjv6VUkGKdYewaoEpTJpBEQ,,
Hollywood California,"-118.339834,34.101535,0",https://lh6.googleusercontent.com/7uUipZmTc0m785Tz2c97bDIicWaAC95l1ackRfH-NFuX_mps86mpvGnfARH82Xz-CeNBhR0Lwd3fZFRh71FMx3gXoftEhDEABTs37_a897gZTLG0S4Aybajcn79vkcacMw,,
Hong Kong China,"114.160223,22.283696,0",https://lh3.googleusercontent.com/oIKH6RWtMuxdSgDSaNXqyg9-6GEFlxeRZQ3-H20T19x4Y5orlA3CqEichsMD81HjhKKtP9AERMJsOV5InkXHkMUW1FllwPRqP7InusZC2krySevsPZ96GmwSnUg8RTucWg,,
"Ile-de-France, France","2.70813,48.403679,0",https://lh5.googleusercontent.com/X6DCjHhBvXvEjm-7V93QT4OtnxubrLt8gT4T8cC-Gj_292O0hioStxH71f5lHQM0XfhhkXaf6yCJpg0A1Azns809fm8smHP5hxnYZB4pdStNUhiN7BqmgVf3bX7OkSq9,,
Istanbul Turkey,"28.982534,41.013325,0",https://lh3.googleusercontent.com/pD1wDdgMHOF2MtuJDEXfsrEMisYCMTpLn53ZN-TNe6mGpRHIPOymrQagRVU2B0oRbyidrJ8-AAbfPMc-PLN8Jz6GyiOXeIkvqGxg0QCxNUxZUKpQYbsMTTj6HzExY8iJ8Q,,
Italian Riviera,"9.18251,44.324831,0",https://lh4.googleusercontent.com/JFC1jkNTc3eidek5Z4-4KBLChJzDuCAkclH_jv702nKLIX0OlKwZgDr4wNstDIaGiyfwsT7ZA15ym__e__wLhz1XEovANIk83lCyJJDkjsfoxf3qtUgFVyKj-R8Yy5Uw,,
Juan-les-Pins France,"7.111545,43.567643,0",https://lh4.googleusercontent.com/voR32PAZsE0sgezsbb-STwJ0xk7Q8GzD8phm99dMMLfQHWCYyvucizmwHpixMDDpmdb5G2Pa5O0KPASly_to7j15j_nxh9INb4hmP9mKEfh6fLNTByQRxNyrM_E_dlp7,,
Kauai Hawaii,"-159.520111,22.049368,0",https://lh6.googleusercontent.com/GE929tSth_uDLm8xlizpO1-Pzr7_WxIRD7wG2lDOPt4mCrHD01WKSF_rxUWKwji3dNQu9q83A7ri50wRtHMLBBOs196TU-J3xmdMFMFJwPjXd8ozfTfNC3QvOqgXppgR,,
Kent England,"1.131592,51.141017,0",https://lh4.googleusercontent.com/9pF5zXSrl1ahrOyuRT8cBmZslYbLVROpQXiU3cvN8s669fE5Usmos49cyAsR8e1ecZLiEboR1yDbUoVXPZsGc1yvd7krk6YkB1kjtUzyHFTx-YONjRBXgY7SvtSbnAC1,,
Kotor Montenegro,"18.7696588,42.424589,0",https://lh6.googleusercontent.com/proxy/KZjMD7Vm9fJN5LWSEn9msfypSnExffZLRDRGuNW8KUgksWesBdW6J_nairY6MHdcx1WB,,
Kyoto Japan,"135.761919,34.9869721,0",https://lh4.googleusercontent.com/proxy/h6BpqrS1arzMfQJ4m339zekQAeV9nIyVvyeeb9BUvmpnqrnGZgBC6glwRH3YAT1ZpneWMrEsQgBXO5bPbQ,,
"Kuala Lumpur, Malaysia","101.693283,3.139316,0",https://lh6.googleusercontent.com/proxy/x0RD1kMcGLPPWqv58QCoGVo68n7K9i7-x79kDykDN9fqX1LPTg3Cy5OIziRJHxWipjJbC9k6489YekSeQqMJTg,,
"Las Palmas, Canary Islands","-15.443687,28.125473,0",https://lh3.googleusercontent.com/proxy/pjnB-DjNweY9YttRVFjCXBcLjHCEehLrnGPCJJbwTWGkORhU09rUOnq8uyK1dvopa9K_XuZ6C7Ou3eXmMlj8iTf6hWMprxJ8864X-DmTja-dz4sX,,
"Las Vegas, USA","-115.171416,36.122221,0",https://lh6.googleusercontent.com/tCcf_iZqfxRl9PRp7-5wa7lGlIUKpWXODkZ4scoXpd2eR_je7D_QTtwNosPqUz-9WBSE0qy2PyKXObP_GG099VMwdvwMpOr157SBfYxnG6DoxrdZe7PVtqGombdsVgI,,
Leiden Holland,"4.484525,52.160678,0",https://lh6.googleusercontent.com/proxy/u6DsLoReDA7lbAFEmEtA3sZXhcDjEtCtyhFHDMN11JB8YymRxb_4-CgDbcx8Fn1Qz1qXvLJCJUmrPbobot95,,
Lima Peru,"-77.148571,-12.063159,0",https://lh3.googleusercontent.com/proxy/_1HgxSCXSP59TJAO9D7MVFadGbpb2PYtgIlGdbpjUWiOdcw4g5jyOqZoLkzyegukOCf2l1H28ofwQq2D,,
Lisbon Portugal,"-9.140046,38.706159,0",https://lh3.googleusercontent.com/MMxXJK7A4Aozs3A2Shg6R87XKBtejwEkzvZgXl7YUrHfOBo5bOPkFWVYv2MsSvbAFPJD2t8wYAomFIZ01VXgUZiJUv7gXxmGLzp8QP2L-s42MSWBgS8AP6M8IhjL6pMr,,
Livorno Italy,"10.309462,43.550146,0",https://lh3.googleusercontent.com/Fsujt_q1DztfLrmSDB1WjoILKXuKZ-JMiZBtqaOJpI5wdRVKzf_603wGdtQiSrE3jkw5kxrPSCZh4vNOaOolu-zKFfNgs2Ikp57O_pIZ_DPRvew5M3PulCbzDpVCmla7,,
"Loire Valley, France","1.098633,47.487513,0",https://lh5.googleusercontent.com/jsIQpxW2392SCVlOGULMXtaECcCVj59zg5EXUa6auZqSh6msN5wS0QR1azKiWF-2QFD08HIamopw2qjlXSXTY7bysZiH1Efq1FNMaxaK2Oy2qx_6vMiWFu3rkZODZEqGuw,,
London England,"-0.127383,51.500989,0",https://lh4.googleusercontent.com/e7Zk_cb4BKf_vZYfKxaiKLhXNhMvq243LGLgzngccdwt0MrjJnxaHejTdK740FgkHcCzszjC0vkvhooY-xd1kn3WrJlOGvGEYaS6PB6voufFcGTyYPBpB3JzSCvRIVC8Og,,
Los Angeles California,"-118.243532,34.053335,0",https://lh3.googleusercontent.com/K5lpdnSc6bWLY7R9SSKsjHeLvCaWq2maffhs2UlRBydEFiugECi-bmui0jXM60FgnbWBTexPbUb9SDAiK3LRRqoyrk4bu_0jgMGPKbXL3Z8cMg23vx9Q0iGCK4KLva9I,,
Lyon France,"4.834864,45.767643,0",https://lh4.googleusercontent.com/IKXuREkS5aCc8WNnRTzDu0HMwlJ4tOYoZDgPuJnYNxe0Urh1R-fFVtRfhCWhAq3DAgGAYkE0fxlxJ_nA3zm2R1LH8t2HjdMktKuX5-wxX2ggfXos2X31sXsZsTJQb6c,,
Lucca Italy,"10.506309,43.840563,0",https://lh3.googleusercontent.com/zcrc3sxDzSHEv__fWeKkVAYeRg8-WOWwfyBdwJq6ztcguO5DCsnE2pQBc5wyywp7lBMli4kuKQyjKg2nG4pX8uudyeFcq_MRfCfO13587xa72eEwD0qniibt6HM2VDI,,
Macau China,"113.545268,22.188359,0",https://lh3.googleusercontent.com/RueYfHQ_Z8VSy4JHIEYVOAIptE00rnRvmQy9msE9yYHVzVhKchOjVbYFw88jstPm5Sxwyi7yYb3m_z225X9Qg7VCS2gdgJmixfaBqCtEgvfa7gilGdIRRJ1iTELrWwgWkg,,
Madrid Spain,"-3.689539,40.409918,0",https://lh4.googleusercontent.com/proxy/zP_6hB8x2EVafvjwIahTlp1cdHjocn3atvtCsFm9NvbhAI_l-QsIETdaF53VlSboBrmADpLE3p6wHw,,
Majorca Spain,"2.989655,39.631077,0",https://lh6.googleusercontent.com/F8MX5utw8FnuKYqUdWdeessH5I9WAT9wbTroAewA2WWdS7LKkuFIvnc-KYs_32jyS7_aCfMyc-6u31wTdZqys8U69pYk6wjRIoanA1nZJWBTou88_y2lkz9twQhXs6Y,,
Malaga Spain,"-4.4199693,36.7180403,0",https://lh3.googleusercontent.com/QPuHEIKVEG4R-PT-Ifu_vAg8Cxk_PQnBfXL7r5_Jaj7Yvqn6rk2TwqrwVQzW1Zt9_XQis2KKQTLwaoUaEW5BuHWVl4zpG_Z2kSjU3wrNTgGX9NOQUR08IfZ8mjup24m6,,
Marseille France,"5.3747979,43.2952897,0",https://lh3.googleusercontent.com/vzO4bFiZMWnUPKZ2DxzvZGCDxU_mp3GBHZkTct02cMVcYrC5sE5GG-KlyEd78HpcepaylD9QMGfXC50hGJGdKLiJaFdZQraK071AvGrDZLgscVkUuUyt5iuPIN52iMMw,,
Maui Hawaii,"-156.279831,20.779227,0",https://lh4.googleusercontent.com/m1rvI2dnI0RVW1-mPATdtiDFEINGanqwn2aMbBUJ0M69X85Ipx9K_WySH1UUmIBO79kZwQKp31JI87LGXXrgsEq6ZYuM0IybVHxt8qgEeXeoa3gwRroOqXEVI3OnrwuK,,
Menorca Spain,"4.088287,39.911843,0",https://lh6.googleusercontent.com/proxy/1bAGD7IR5UFlXpSY87NRbhiKrCblb45rOeR2XYg3yeOffo2MjBPjJRV9igUaRPcf1kNYwvieMhK7,,
Miami Florida,"-80.132389,25.806537,0",https://lh4.googleusercontent.com/SHwTFUjYOchn8kL4lgdXAievEKXR09ADxUz-4G_JwUWLhZgJQb7cVM69MJPYM55cLwrxoH4WCg_uMSSAFJOWbFmz_rhn77V58OGmB6-pcJzqUmISaI7k_mH1aaF76GU,,
Milan Italy,"9.18943,45.463972,0",https://lh3.googleusercontent.com/9cTUTkpKd-TdoRsvkb7-mWnUmVhvKPmuT74MtTIxL-6GZv-zko3tdJxEWSI3Yufw0EZYAc3LPaQLWocPcC2dK0ItY_Lx-nags7zT02L0ByzkQ588aoss45rj9OQ8yBmc,,
"Monte Carlo, Monaco","7.426307,43.740034,0",https://lh4.googleusercontent.com/TIBsmZgfaxxphz7zRlOjG07De38-bhdqSHfjeK9myxEnZA2h6-KPLJmEvMSnu3f6TdBClW20bv24P87oofMwvRiWu4Yjc62iwRHw7aTsZYANsfiv1rZtQHF4aKXw3ZJY,,
"Monterosso al Mare, Italy","9.6462,44.1449,0",https://lh5.googleusercontent.com/dAfFI1D1wkfas3t4eJKyMUQWUh9DVfKNBgCvsCEkUWCK68rQK01c0ONjLrQyDoHCZFnwr1zuvqgEuOBzD0YStwtf8hRcNqU65JI9rts1ohotGxtqO7DqtdqaC3CWuqn5,,
Montreal Quebec,"-73.570354,45.498767,0",https://lh4.googleusercontent.com/wjFm3hfI7h2LZ0D5zsaLDQhnJ096I4wkkj6a41ThPheWgDRwho9bTUbGYQikhXhjB9R7fQXWVbmJdHaoB6b0ISrC4Be9zrP-hE7MKo255DhAUuz_esiXIXqBivg-Ykk,,
Moscow Russia,"37.620492,55.750002,0",https://lh3.googleusercontent.com/NziYWQHL6PxrGY308NpJiHHYHc4i8BIYeqKqPy-fDnEYWDx3JnstEWHWALg1QyuFg5aw1QL-OtenCySrt2j_26RpTJEOiqn8oOwR43txeWSWj349_GAQC4xH2EOdW1QyKA,,
Munich Germany,"11.576162,48.137671,0",https://lh5.googleusercontent.com/OI6vr1gdd2JT2liWqQ_t05vyg5ExnKp3hJxMfoh0Yb0_O4fp1hgaOfUlZPA39uiuJcH3yqSPK8BfcHeaMIZhX287Wzn_rfcwxSnkeG6MOFA9KhWv1dqV_f5wkwNphT-4vQ,,
Naples Italy,"14.248774,40.83573,0",https://lh3.googleusercontent.com/tjSA8nht0HY2Om21I-_ZOvddeVe4t0j8ehPNqyye2EvptnMSlYVu9JAERmkVgRl2bGYaRqBezbT4ljwzw9EcEWc3hSgo3RwklW9ECJQn3fUONQWrSfuogy0_mXtkWtnW,,
"New York City, New York","-73.959789,40.789477,0",https://lh3.googleusercontent.com/lO9KUhDr2msxqroADXMoIqiE2WGf_r9Q-R_ftVWKRT6kpTyX8yhkauZkD1xF0sR2ntKsFNC7B8r12aE7N_0T6EJgKFZLBsZh5dnhWJW18dWdZQD77OBYnb7Z2cSLIgjJ,,
Nice France,"7.269377,43.698437,0",https://lh3.googleusercontent.com/-yyyYopicRRDaVP4XIEwBPQD2Wu29l8k1tdLG8Kqyketk9d7tqq8Y7s68ITE_CzfdZ_H5Um5ACNlUWCOu1tRzuPclr3yhoKj2JECLG5eeU9iWIkCr9hpRUG0NKPpHAyJ,,
Nimes France,"4.362345,43.834898,0",https://lh4.googleusercontent.com/0YP6TNR7Kc3MX8IFU2laRS9P0EtOJ8qOeDg4CeFC672EhxbssZHu2UzS674znb9owOrwnqfB0_3-48945c0EV8wfxi2Q9cNJ2Ca8i8EpVUKKh7fHN3K6Xxz95c_f8xXK,,
Oahu Hawaii,"-157.990952,21.497158,0",https://lh3.googleusercontent.com/33XPyt5GmtIZ1smYepy21ZSzymammg7RGloh6tm5J4ga3VphB6Tg4tWuR5frhfwtUvVqjTPX3Lal_IsFYAG7Mfo_N_SA0meyRnZBtKcbBHtXCkHZGVaFzV8MKXTcSxy8,,
Oakland California,"-122.279388,37.795297,0",https://lh3.googleusercontent.com/proxy/roC5xeL5PQKSYXEHefLfBPfOXdaRlaawuTD0x_tKIyefOJZ9eBioJhTmmeci7RqDaG4ksdPW80WwGlBEhs9h8fNNwM1wY4k,,
Oregon Coast USA,"-123.920975,45.454351,0",https://lh6.googleusercontent.com/z6voiouKplV4Uh4CFci4u1IVQc2YjHCi3oMXblvPWACx2Dy-Lo1T3az06rE9CmU20tvPpSKiMhiTC9lWlWifkc7TR5c0G3Md1T1PG12XXG9rKeCy9F0OjfVGp_AbbfkK,,
Oregon State,"-119.904785,44.0718,0",https://lh4.googleusercontent.com/oqgAhMwmvLK57oTMfoxzSPMHxZPdgMVqlH1Nup2BGFWDilfSrjK9cqQE5mMfkvx3sSiAE5K3o88qAkONRZJtLV-y6tmvC1JRlv2sNbM1ZwT-0TjJk06MgcnwMGATDCDW,,
Orlando Florida,"-81.462078,28.472388,0",https://lh3.googleusercontent.com/w4aAkWKtYN5PGHBqynNb4QGAvtXMzGC6UPwdePGm377cPeFvhfirWgZg1rbnLY_wj-W3nJ7u6R-lDpmDfMUwE7fdE3Z0r0XqvJIZTiMAEQFODIlhO9byXgKV7R0pRdyc,,
Orleans France,"1.909229,47.90175,0",https://lh4.googleusercontent.com/pHaEcXFJR0s6kDJ1apPh5GbjtNnlq2Xk4u-45lTt9w7soVcTDJAppHbZ4JM8yzxVdSBuEQWPR3n7LZxg--unu5bixE9EKW-PDntJX4LWpE2m6JIK2v6LlTmLvELcKZTtww,,
Orvieto Italy,"12.1107557,42.7184508,0",https://lh3.googleusercontent.com/oZSjIcd_06MC2Sp0YmLjwDnwL_x-MTAVTYzghGqjZI2aGiLpNA_Jgj98rcd1X3qu21FbkydzHurajDwNbefbEPFRLBlFdDx4zUeBCXvqJ4RE1u9qocMwAQI56dO-n26b3g,,
Oslo Norway,"10.73287,59.915881,0",https://lh4.googleusercontent.com/PPY8t5VfDfPGKiIvN_K0LfPiZWZukBSaYxKOtVG5LZUm3Wl0Say4xEGsrOyBg8AH3x7wczFTvbxWCF0eA1rVF6EZAXbkDXk_9L7AgXDVA9EBjwRuT_RCZJcGHkfZyE8m,,
Ottawa Canada,"-75.7059771,45.4224391,0",https://lh4.googleusercontent.com/8yh_0ZjIn5vSknCJ9TQipi_IjQrbsaRS_Nogm9PBKolvz3ogbIOT5hWx_i53ySbiN6kBPfu9mYghdPDUA8euFu15Ev7FBaz6aFjwWdJDj-YBSQy-J3m1iU-EOz6mvgrA,,
Paris France,"2.32113,48.865491,0",https://lh3.googleusercontent.com/QR6-2d2A1C6tnX24nE5CAQmfnXm4TV4lPVT8ZXsLIqESwrNbACGhud-CELe2K2Cbw2a-1r53FrAXZaoZs_qTYVaNUdDM6f1mlVqnEsinKMerlxSTRy8ARZKZx3CGCMkO,,
Phoenix Arizona,"-112.074323,33.452793,0",https://lh5.googleusercontent.com/MneggFGTatbNS1TYulWVOIlf_nZdf3pV1TtxdFcqq147FW-yPG6vl3c49BzavErLX2h1kx8gkDVcUABqnNYuYs0vUM2-EkYmLr8WrgUYQxcellB_ZHpr1eUNwjj5Me8,,
Pisa Italy,"10.394719,43.723421,0",https://lh3.googleusercontent.com/1ipe4N0zG1QvFGGJq759ml9sBJePobwwPNwqRYajUjGgvPyhMDnhXwcypx-jOVjnqZqTcZzxz7jHDxyHk4DBCTzb6wv1N2weLuSusCUrQVBjpC9SwEfko2aOQId_F7o2,,
Portland Oregon,"-122.67746,45.515399,0",https://lh5.googleusercontent.com/3HDB0WIhw9JMqfhTezFElH-nOeiANXOnX2BJl0N6yP1F_GyPTHWNcQN55_od34T2j-s0Ejf16qx_OUysxDKoQ1C-ojalWdk6wQUYerpWaPSs-bHgnOcIA6CgHcU63GFw,,
Positano Italy,"14.486665,40.627682,0",https://lh6.googleusercontent.com/DhN6iq3hm5uVLOGqWglAVARaKiTZHrPB3I2kXWmP8JmGwnbiIPMTQmNfbxsghjY-QlpHLyrPf5NRW6rrWuoVAK4YUzFoz4tgVshgijq-4Hje4rRTPY2NBLqO0VN29La_5A,,
"Prague, Czech Republic","14.39209,50.064192,0",https://lh6.googleusercontent.com/proxy/Gr_c9aK1X4PH4dK_FtHu21V2-oRJZOjBS5I1c8QdAt13iq96UzlJkv-SW8n778LlIRVCJPLIeZ82XApu4CSgDa0No0veNQ,,
Provence France,"6.536865,44.21371,0",https://lh5.googleusercontent.com/XfBkNp0tyDE0UO7gPS3rwyZIvVI4n6Fmi1s9rz6aGGy53ike4QdYzLyzhQzymeMsI7kKSx-TJkzHkNp47nr4P6pgv8mp-ptjeHT80y_PfQObST4v3LoEIKJ8ehMxRVDE,,
Pudong China,"121.506793,31.237701,0",https://lh3.googleusercontent.com/-oXsnucfcKP3mw_7WsvJ1fcNanm2kcKtBTQ_qV2HzOS2rrpLk9rpQN2dW6ZGu8YDjsMujLwZOFdEaPt2r-6V_YeQlCQnjDFqqLfMu5mKSEGr6RDeHRO8dnQ3PyzA7sqA,,
"Quebec City, Canada","-71.2628174,46.8489215,0",https://lh3.googleusercontent.com/iy-Bjdwp8I80T5J29BP6GTowI3c6kMi0ydoj8fwaWETqtb1aEadqoDPrfMbKiwWfuekWV250xCbHymKs_HdJDoJkLf7etNyIh_NtIUbeZBkfRbR_41Nyr-BzLLfv3e1n,,
"Rhine River, Germany","7.711115,50.150616,0",https://lh4.googleusercontent.com/proxy/F94_HzZi5OJvLRFr7JVLdllroSKk-NgUWg-JP9YxBFOONJF_L3DRnMlYxwo7-xhk83qJ3M0C7ZrUEg,,
Rome Italy,"12.48829,41.891799,0",https://lh3.googleusercontent.com/proxy/euKvcIVVR1rehjpME9qgXDJkkwff6XG5lU894Qy9n1Jgk0I6HrcTSco_7J_eGWixaS_UEc4l,,
Rotterdam Holland,"4.475319,51.914097,0",https://lh6.googleusercontent.com/v2lyOfdBqHqU6dlpHGlu6ErfC23RTnJQz_vJHzm6yJHjVCTcui8_9GpY5LbTAJrTquP31opApbKPkTH41tQcj4AVYP7YCGWpva9VTR8V8pR7yQ7plybCbEFGpHxQ4akO,,
Salerno Italy,"14.763672,40.676155,0",https://lh6.googleusercontent.com/Eh7d9LlTdRXe0vPEbzrOJNEGXWyZBlKapR0URfK2QIhUXAusilD6hIuGkfDzTa7n28xu7qEiHYNCj0YCW5LelPWG2io_x9yDyVVmnueYC6QZRPH6SH6AVM7Z5B1cSGF4AQ,,
San Diego California,"-117.171078,32.711478,0",https://lh4.googleusercontent.com/K3MSGoocnAM_m0uvYdcwR0SmVaPMYekSw0dcrqRsGH5jo7OvZnqDBG6ORrJwJ1B9icrftuiXvU9lQv8Q7WLh7FnXp3LBDy9rQ0oyKQ6qlv-CpmSpWGrBcRXF7dcgPt_kHw,,
San Francisco California,"-122.417693,37.779466,0",https://lh4.googleusercontent.com/aIcE_HIanPeYd9irpOC1hQ-z1nJrpoYsF4N0U2mwskdcRh9mSnZnzOTT0gqanAbdcBanIh02r86KfGwkHJJOmFxyv_la3bSK9vLDiKplO1miA3eezjkgzASIoZuShj9r5Q,,
"San Juan, Puerto Rico","-66.089673,18.465688,0",https://lh6.googleusercontent.com/proxy/1vkmzUp1cV2rjolabpj23xCBURrt0CaluccTvELR-GqNUaifugkjJFbOXRPqIJ-g9b53K1r9Hel8kSNgy1nCdtFnzUw9,,
San Jose California,"-121.889663,37.332239,0",https://lh5.googleusercontent.com/proxy/daf6h_1yiOut5nymbCa-8BMQRgjUr-to0RxLItnJqhUL9NqH-OhbDn3nzQDPZK-dY6A570s-7x8KHMX4pKls_nvvcGN7HOg,,
Santa Barbara California,"-119.6893287,34.4122825,0",https://lh4.googleusercontent.com/proxy/kx7W-Q_foiECvCrjJitK8_6AMFzUZ8NhLboHGqj2CIZgc5iOrv6lGhAZzMcFTZl96Q2OqZ1BYNN8n0FO4EuSAu87sYE,,
Santa Cruz California,"-122.02682,36.952087,0",https://lh6.googleusercontent.com/F5m2bUIW1XHdm2YONS73BeoY3SPCulS4-SF0Gj1_H4xXQl7VuR3IJ2hxq7X09Qt5sEBCCGbA9zPyTd6-w4837N1P5Detg5IxzOyLjZ6UYr5NUlDCrs4c1YijbGNFb3JO,,
Scottsdale Arizona,"-111.943817,33.529948,0",https://lh5.googleusercontent.com/oSenU4qgjOqdvPDt1NOCL1PsDqgGNYLTkhcyu4NzWwpCSxaP5aNZqkuPCkNZEBhQHM52dWxTTpA0_qPENS1vnW4-lMdUHwJKnNvRH3Qar3XcLQe-xkDbexo6avLiBno,,
Seattle Washington,"-122.348685,47.620484,0",https://lh6.googleusercontent.com/5cT5fLH1ru7_GAGQJgVtuBlmI6UbbG2ELszuDpRTb8K_qouPtBJs2OgWqP4Ldc2heQGF83wBoV5Jxl03dHoPSwqoR1NLBIb8r73n4H3SntS2rCIyi5k0zr8JBLCn1xSbdQ,,
Shanghai China,"121.4904,31.23872,0",https://lh5.googleusercontent.com/IEO5MIzK6RXVIy9vXTRBZJiL56L3J4sQON6lHXDSq6Ii1dF1gJtCg2Uxg1X3y82oTJ4WKs9X33Eod3Tq_fmxOntd4iTfADnNzR1m2l8_Y0lk98oF2bewo7THG52sGa5G,,
Siena Italy,"11.331764,43.318654,0",https://lh4.googleusercontent.com/6a9wQU0qoOeU_q1RmxtOiqNPR8phjt2aUaxnmmCaKGfHwurtv57M6bepnqbiJNpNTbxunyK-hIUSPRL3vk9XW7TIPnsWTLc_imt6D5_q1_MIFaLaC_0REwHGAX4qSBNy,,
Singapore,"103.850337,1.288811,0",https://lh6.googleusercontent.com/proxy/zKLP2xSgq0VHRriUZOmdcT27WQkq74Dxlygwem-t1p0wpnf16xoKxbtNW4fQK9HG5ffT4N5lZlHQpd1Lxg,,
Sorrento Italy,"14.376318,40.6262,0",https://lh3.googleusercontent.com/D5GqOXpTR03Vs-RBdzrfIwTovLEQhzDR5aTVIPmFDi5jL6PI_59RdWTHlRKsu1g-GZuHW9vboWo4HKkSVw7z5bI6EWiMazzHeDIHmari07IM0VnVeDr4EQah7DjvHjJG,,
Stockholm Sweden,"18.0670166,59.3247831,0",https://lh6.googleusercontent.com/KJOc3zMs2XhUsl_rYYlpv1X6X9EtyhLfaGL6s2GzCVAhn0W7dpoMqowzgik5_Msq-Q1CILOrju1sYELIA26TALpUY_qjBS42zXddQQ34avHTgXWbB5dGXOq6_lBs_5zD,,
St. Lucia,"-60.9901607,14.0112363,0",https://lh4.googleusercontent.com/proxy/pbMmeQ9dstE0ncX5HJsMoKGIOZZRr9moHn2VoJbSsARChTyqnO4HgC0I0219RSDVYvpR6MuSKB0ClCXWGjY,,
Sydney Australia,"151.215042,-33.856883,0",https://lh6.googleusercontent.com/proxy/vatPOA0aoJqYsNrx7HpkDTFJoZG_2Tq_9xS0ILo2R6lNZlIldmj_NnqUR9bCAcxC-zF0AkLeIzV3WQGpD7XyRR2bAcAprRz9DYxu4w,,
Tampa Florida,"-82.4530792,27.9428533,0",https://lh3.googleusercontent.com/proxy/HCiosSG28DUiyWJ8IAbh4msSQIdWU_EXvspinp3hx2wDKJpuCyEFn625mBXDmnPNs2bXDLNljDklQ9gUQxEaF3vH,,
"Tenerife, Canary Islands","-16.612701,28.253586,0",https://lh4.googleusercontent.com/lDNt1CV9g573pHDXhtTmNbPm74Gw1qOaaWPDjlR6KdDRun4E5mSUigbSo_qppgm8uj2_vpKrKstpXMaZMOJ3pb2CenP4IbvFCtIHGOZUnjLv4-rgSIZsxLcNbbALmJZAUQ,,
"The Hague, Holland","4.287672,52.076895,0",https://lh5.googleusercontent.com/afEJFt2r_VFDAuL6xAwzBJLGF3Z4v7ZYmHTXM1AQhJ0ghB4v4AwysW2ha-5PHVC7KvvXjRUTJwCAQuXPyD3GU8yIeeZl1ztO_uUEY-KmpQ6hAs6wlRBSQqfh9iRwV1c,,
Tokyo Japan,"139.759355,35.680673,0",https://lh6.googleusercontent.com/proxy/34qGrPPUzzfP1q256DtYgqE7JSDXIxYqQfG_hQd2zpyh9YiE5BLfhhT9KZRhST0mZwpKitYcKGNN41LgF_LC7QiDy5TiofIOmtg,,
Tuscany Italy,"10.865479,43.596306,0",https://lh4.googleusercontent.com/uTWmk94mGf2WYI0iGUKlTkUR9IbrqjAMkYYw8Pkw6DOKMipG2FTF4lpTSNQMZKCZHkxTM6HIq_Ddgql5vkYQIhMoOz7jx1aT0E-22NVhCZWb-7aWvFSb57AXFcYRWSo,,
Valletta Malta,"14.5129395,35.8556657,0",https://lh6.googleusercontent.com/proxy/A_E5Evwvb68RrMhAJ0GCKsf_Gq-ix0hXZf37wkSeneebDGxxGdHfhAhWWJXrtxCrcoggH3TcKj53ND8wXJJLgStKZrUbb-da3NvU,,
Vancouver Canada,"-123.119917,49.283246,0",https://lh6.googleusercontent.com/proxy/9IT6PYBEuzx-jDCMBU9eCqZIyGXIAzLfJFmLzARLPiYkc2-7W_WeI_yZIT2FsKtfdcGXQmlD_WrtbATmY4PMuisSkS7xILQ,,
Venice Italy,"12.335691,45.438192,0",https://lh5.googleusercontent.com/proxy/1pv3MXBI3rEBDnp6HYTq2xMaOTEHgDGwjB0RuCH2TpTvs6AIHHHPJv_9pbrS4sG813amlFe_7mBTAA,,
Vernazza Italy,"9.682361,44.135141,0",https://lh6.googleusercontent.com/1AgYUb4iZU1-nIV2VZxYCmOrcMVell95_oA9u4qnqArEkkfQB8rySFbH9lPP8JMLbF-2bUUSLU1U9SFi1qdMpSNCTnixvItJvawYro-ahdqa762VGLJ3QwvjiiSl8Pp1,,
Victoria Canada,"-123.370092,48.418905,0",https://lh3.googleusercontent.com/XrB-r9FF5Ji37CS4HUXLyPdor4VEauqwG0wgcuSTUeXZyTM15yCuAcQZTZ_hzPgnQCTNJR_ozQWUmEingTDlR5LGt41GCz99ana4ZQuEkuzq1RIVAHWrli5z5BYSZ6U,,
Vienna Austria,"16.3586,48.210976,0",https://lh6.googleusercontent.com/OFJl9sV8RsI2H6EJBOWu0aTxK2Xc3PdRP9WvQ-qRA2V1J9KSeAYvd0BoJjyM1V4lkYN8w9NLUw29CXDQiuxXFKhE5QDIQqUmX4P-JKVj5t4swRh-SIXKHkEEI2G6pJsbdg,,
Vietnam,"105.8337021,21.040367,0",https://lh3.googleusercontent.com/proxy/BYWWdyCYXl4YDDy298AjJoZA7iIoDsUG9ryppmQgAsN1wi5Wv-37BRq1LMIf0DrWURuhvQrQRd15iFWLqQe5,,
Waikiki Hawaii,"-157.825427,21.275858,0",https://lh3.googleusercontent.com/proxy/JX8qIBrwPSE7rsWfd8E8FHmhVQQ6D5aHoN-49SkOH5p0d1-4KNJ240geEaotsjTwwdjNBkl2x29Td7iekbE,,
Washington DC USA,"-77.035275,38.889296,0",https://lh4.googleusercontent.com/9cK0GoLNoWCkXJI5ag2_8INcSXdWgZkCnjg15cwPVAwPXB_ClPzHSdbdAC3yJ-XjweBOAd7Jmcxa3e4ccAheqGYaENHW4mDixESnyNWVy0WDjDH1A4NAuIewXOD1m5V0GA,,
Washington State USA,"-119.992676,47.070122,0",https://lh5.googleusercontent.com/proxy/U4aGuyTMxEyQrNMkNwOJEeItIc6EHgHlCSplGmSQebgBY4EoEte2Og-c8j3uDdWDd5EkFrc2f6qcwyWUDGGgAs_706oZgI8Re1LpKyhl,,
Whistler BC Canada,"-122.95186,50.109846,0",https://lh4.googleusercontent.com/proxy/-ad8qRpa7ay0TW-xWHqBzF-mp-8F7uLWJi2ztBX08TsBu0Pozj83MT8MLKE7gdv_m-A7DI1LswOExWlGeC7maDYvfY9ZEniU,,